-- rolesテーブル
INSERT IGNORE INTO roles (id, name) VALUES (1, 'ROLE_GENERAL');
INSERT IGNORE INTO roles (id, name) VALUES (2, 'ROLE_ADMIN');
INSERT IGNORE INTO roles (id, name) VALUES (3, 'ROLE_SUBSCRIPTION');

-- usersテーブル
INSERT IGNORE INTO users (id, name, furigana, postal_code, address, phone_number, email, password, stripe_customer_id, role_id, enabled) VALUES (1, '侍 太郎', 'サムライ タロウ', '101-0022', '東京都千代田区神田練塀町300番地', '090-1234-5678', 'taro.samurai@example.com', '$2a$10$2JNjTwZBwo7fprL2X4sv.OEKqxnVtsVQvuXDkI8xVGix.U3W5B7CO', null, 1, true);
INSERT IGNORE INTO users (id, name, furigana, postal_code, address, phone_number, email, password, stripe_customer_id, role_id, enabled) VALUES (2, '侍 花子', 'サムライ ハナコ', '101-0022', '東京都千代田区神田練塀町300番地', '090-1234-5678', 'hanako.samurai@example.com', '$2a$10$2JNjTwZBwo7fprL2X4sv.OEKqxnVtsVQvuXDkI8xVGix.U3W5B7CO', null, 2, true);
INSERT IGNORE INTO users (id, name, furigana, postal_code, address, phone_number, email, password, stripe_customer_id, role_id, enabled) VALUES (3, '侍 義勝', 'サムライ ヨシカツ', '638-0644', '奈良県五條市西吉野町湯川X-XX-XX', '090-1234-5678', 'yoshikatsu.samurai@example.com', '$2a$10$2JNjTwZBwo7fprL2X4sv.OEKqxnVtsVQvuXDkI8xVGix.U3W5B7CO', 'cus_RQpsNknNrG1ubW', 3, true);
INSERT IGNORE INTO users (id, name, furigana, postal_code, address, phone_number, email, password, stripe_customer_id, role_id, enabled) VALUES (4, '侍 幸美', 'サムライ サチミ', '342-0006', '埼玉県吉川市南広島X-XX-XX', '090-1234-5678', 'sachimi.samurai@example.com', '$2a$10$2JNjTwZBwo7fprL2X4sv.OEKqxnVtsVQvuXDkI8xVGix.U3W5B7CO', null, 3, true);
INSERT IGNORE INTO users (id, name, furigana, postal_code, address, phone_number, email, password, stripe_customer_id, role_id, enabled) VALUES (5, '侍 雅', 'サムライ ミヤビ', '527-0209', '滋賀県東近江市佐目町X-XX-XX', '090-1234-5678', 'miyabi.samurai@example.com', '$2a$10$2JNjTwZBwo7fprL2X4sv.OEKqxnVtsVQvuXDkI8xVGix.U3W5B7CO', null, 3, true);
INSERT IGNORE INTO users (id, name, furigana, postal_code, address, phone_number, email, password, stripe_customer_id, role_id, enabled) VALUES (6, '侍 正保', 'サムライ マサヤス', '989-1203', '宮城県柴田郡大河原町旭町X-XX-XX', '090-1234-5678', 'masayasu.samurai@example.com', '$2a$10$2JNjTwZBwo7fprL2X4sv.OEKqxnVtsVQvuXDkI8xVGix.U3W5B7CO', null, 3, true);
INSERT IGNORE INTO users (id, name, furigana, postal_code, address, phone_number, email, password, stripe_customer_id, role_id, enabled) VALUES (7, '侍 真由美', 'サムライ マユミ', '951-8015', '新潟県新潟市松岡町X-XX-XX', '090-1234-5678', 'mayumi.samurai@example.com', '$2a$10$2JNjTwZBwo7fprL2X4sv.OEKqxnVtsVQvuXDkI8xVGix.U3W5B7CO', null, 3, true);
INSERT IGNORE INTO users (id, name, furigana, postal_code, address, phone_number, email, password, stripe_customer_id, role_id, enabled) VALUES (8, '侍 安民', 'サムライ ヤスタミ', '241-0033', '神奈川県横浜市旭区今川町X-XX-XX', '090-1234-5678', 'yasutami.samurai@example.com', '$2a$10$2JNjTwZBwo7fprL2X4sv.OEKqxnVtsVQvuXDkI8xVGix.U3W5B7CO', null, 3, true);
INSERT IGNORE INTO users (id, name, furigana, postal_code, address, phone_number, email, password, stripe_customer_id, role_id, enabled) VALUES (9, '侍 章緒', 'サムライ アキオ', '739-2103', '広島県東広島市高屋町宮領X-XX-XX', '090-1234-5678', 'akio.samurai@example.com', '$2a$10$2JNjTwZBwo7fprL2X4sv.OEKqxnVtsVQvuXDkI8xVGix.U3W5B7CO', null, 3, true);
INSERT IGNORE INTO users (id, name, furigana, postal_code, address, phone_number, email, password, stripe_customer_id, role_id, enabled) VALUES (10, '侍 祐子', 'サムライ ユウコ', '601-0761', '京都府南丹市美山町高野X-XX-XX', '090-1234-5678', 'yuko.samurai@example.com', '$2a$10$2JNjTwZBwo7fprL2X4sv.OEKqxnVtsVQvuXDkI8xVGix.U3W5B7CO', null, 3, true);
INSERT IGNORE INTO users (id, name, furigana, postal_code, address, phone_number, email, password, stripe_customer_id, role_id, enabled) VALUES (11, '侍 秋美', 'サムライ アキミ', '606-8235', '京都府京都市左京区田中西春菜町X-XX-XX', '090-1234-5678', 'akimi.samurai@example.com', '$2a$10$2JNjTwZBwo7fprL2X4sv.OEKqxnVtsVQvuXDkI8xVGix.U3W5B7CO', null, 3, true);
INSERT IGNORE INTO users (id, name, furigana, postal_code, address, phone_number, email, password, stripe_customer_id, role_id, enabled) VALUES (12, '侍 信平', 'サムライ シンペイ', '673-1324', '兵庫県加東市新定X-XX-XX', '090-1234-5678', 'shinpei.samurai@example.com', '$2a$10$2JNjTwZBwo7fprL2X4sv.OEKqxnVtsVQvuXDkI8xVGix.U3W5B7CO', null, 3, true);

-- storesテーブル
INSERT IGNORE INTO stores (id, name, image_name, description, open_hour, closed_hour, holiday, min_price, max_price, capacity, postal_code, address, phone_number) VALUES (1, '味噌カツ亭', 'store01.jpg', '名古屋名物の味噌カツが絶品の老舗', '11:00', '22:00', '火, 水', 1000, null, 50, '460-0001', '愛知県名古屋市中村区名駅1-1-1', '052-123-4567');
INSERT IGNORE INTO stores (id, name, image_name, description, open_hour, closed_hour, holiday, min_price, max_price, capacity, postal_code, address, phone_number) VALUES (2, '手羽先王', 'store02.jpg', 'パリッとジューシーな手羽先が自慢', '17:00', '0:00', '火', 500, 1500, 30, '460-0011', '愛知県名古屋市中区栄3-2-1', '052-234-5678');
INSERT IGNORE INTO stores (id, name, image_name, description, open_hour, closed_hour, holiday, min_price, max_price, capacity, postal_code, address, phone_number) VALUES (3, 'あんかけスパHOUSE', 'store03.jpg', '濃厚なあんかけスパが楽しめる専門店', '10:00', '21:00', 'なし', 800, 1500, 40, '460-0022', '愛知県名古屋市東区葵1-3-2', '052-345-6789');
INSERT IGNORE INTO stores (id, name, image_name, description, open_hour, closed_hour, holiday, min_price, max_price, capacity, postal_code, address, phone_number) VALUES (4, 'ひつまぶし屋', 'store04.jpg', '炭火で焼いたひつまぶしが人気の名店', '11:30', '20:30', '月', null, 3500, 60, '460-0033', '愛知県名古屋市千種区今池2-4-3', '052-456-7890');
INSERT IGNORE INTO stores (id, name, image_name, description, open_hour, closed_hour, holiday, min_price, max_price, capacity, postal_code, address, phone_number) VALUES (5, 'どて煮横丁', 'store05.jpg', 'こだわりの味噌で煮込んだどて煮が味わえる', '12:00', '22:00', '木', 600, 1200, 25, '460-0044', '愛知県名古屋市熱田区神宮1-5-4', '052-567-8901');
INSERT IGNORE INTO stores (id, name, image_name, description, open_hour, closed_hour, holiday, min_price, max_price, capacity, postal_code, address, phone_number) VALUES (6, '台湾ラーメン亭', 'store06.jpg', 'ピリ辛でクセになる台湾ラーメン専門店', '18:00', '2:00', '日', 700, 1000, 35, '460-0055', '愛知県名古屋市北区清水1-6-5', '052-678-9012');
INSERT IGNORE INTO stores (id, name, image_name, description, open_hour, closed_hour, holiday, min_price, max_price, capacity, postal_code, address, phone_number) VALUES (7, '天むす小路', 'store07.jpg', 'もちもちのおむすび天むすが名物', '8:00', '19:00', '火, 水', 500, 800, 20, '460-0066', '愛知県名古屋市昭和区広路町7-8-6', '052-789-0123');
INSERT IGNORE INTO stores (id, name, image_name, description, open_hour, closed_hour, holiday, min_price, max_price, capacity, postal_code, address, phone_number) VALUES (8, 'きしめんの里', 'store08.jpg', '名古屋伝統のきしめんを手軽に楽しめる', '10:30', '20:00', '水', 600, 1000, 40, '460-0077', '愛知県名古屋市西区大曽根3-9-7', '052-890-1234');
INSERT IGNORE INTO stores (id, name, image_name, description, open_hour, closed_hour, holiday, min_price, max_price, capacity, postal_code, address, phone_number) VALUES (9, '味噌おでん楽市', 'store09.jpg', '地元産の味噌で作る濃厚おでん', '15:00', '23:00', '月', 800, 1500, 30, '460-0088', '愛知県名古屋市瑞穂区妙音通4-10-9', '052-901-2345');
INSERT IGNORE INTO stores (id, name, image_name, description, open_hour, closed_hour, holiday, min_price, max_price, capacity, postal_code, address, phone_number) VALUES (10, 'エビフリャーパーク', 'store10.jpg', '名古屋名物エビフライが主役のカフェ風店', '11:00', '21:00', 'なし', 1200, 2000, 50, '460-0099', '愛知県名古屋市緑区鴻仏目2-8-10', '052-012-3456');
INSERT IGNORE INTO stores (id, name, image_name, description, open_hour, closed_hour, holiday, min_price, max_price, capacity, postal_code, address, phone_number) VALUES (11, '大須たこ焼き本舗', 'store11.jpg', '外はカリカリ中はトロトロのたこ焼き専門店', '12:00', '22:00', '水', 300, 800, 15, '460-8501', '愛知県名古屋市中区大須3-9-18', '052-123-6789');
INSERT IGNORE INTO stores (id, name, image_name, description, open_hour, closed_hour, holiday, min_price, max_price, capacity, postal_code, address, phone_number) VALUES (12, '名古屋カレーうどん処', 'store12.jpg', 'スパイシーでコクのあるカレーうどんが評判', '11:00', '21:30', '火', 800, 1500, 35, '460-8602', '愛知県名古屋市中村区黄金通5-12-3', '052-234-7890');
INSERT IGNORE INTO stores (id, name, image_name, description, open_hour, closed_hour, holiday, min_price, max_price, capacity, postal_code, address, phone_number) VALUES (13, '八丁味噌バーガー', 'store13.jpg', '八丁味噌を使った個性派バーガーが人気', '10:00', '20:00', '木', 500, 1000, 25, '460-8703', '愛知県名古屋市港区品川町1-15', '052-345-8901');
INSERT IGNORE INTO stores (id, name, image_name, description, open_hour, closed_hour, holiday, min_price, max_price, capacity, postal_code, address, phone_number) VALUES (14, '焼きまんじゅう亭', 'store14.jpg', '香ばしく焼き上げた甘じょっぱいまんじゅうが絶品', '9:00', '18:00', '月', 200, 600, 20, '460-8804', '愛知県名古屋市南区新田町2-4-6', '052-456-9012');
INSERT IGNORE INTO stores (id, name, image_name, description, open_hour, closed_hour, holiday, min_price, max_price, capacity, postal_code, address, phone_number) VALUES (15, 'ホルモン串楽屋', 'store15.jpg', '味噌だれが絶妙なホルモン串の専門店', '17:00', '23:30', '日', 500, 1200, 30, '460-8905', '愛知県名古屋市中川区八田町3-8-9', '052-567-0123');
INSERT IGNORE INTO stores (id, name, image_name, description, open_hour, closed_hour, holiday, min_price, max_price, capacity, postal_code, address, phone_number) VALUES (16, '甘辛焼きそば堂', 'store16.jpg', '甘辛いタレがクセになる焼きそばが看板メニュー', '11:30', '21:00', '水', 700, 1300, 35, '460-9006', '愛知県名古屋市守山区森田町1-7-2', '052-678-1234');
INSERT IGNORE INTO stores (id, name, image_name, description, open_hour, closed_hour, holiday, min_price, max_price, capacity, postal_code, address, phone_number) VALUES (17, 'ナゴヤソウルフード', 'store17.jpg', '地元で愛されるB級グルメが集まる複合施設', '10:00', '22:00', 'なし', 500, 2000, 100, '460-9107', '愛知県名古屋市名東区引山町2-9-8', '052-789-2345');
INSERT IGNORE INTO stores (id, name, image_name, description, open_hour, closed_hour, holiday, min_price, max_price, capacity, postal_code, address, phone_number) VALUES (18, 'えびせんの里屋台', 'store18.jpg', '名古屋名物えびせんべいを揚げたてで提供', '10:00', '18:00', '木', 300, 800, 15, '460-9208', '愛知県名古屋市天白区植田町5-4-7', '052-890-3456');
INSERT IGNORE INTO stores (id, name, image_name, description, open_hour, closed_hour, holiday, min_price, max_price, capacity, postal_code, address, phone_number) VALUES (19, 'ジャンボ串かつ天国', 'store19.jpg', '大ぶりでボリューム満点の串かつが自慢', '16:00', '23:00', '火', 500, 1500, 45, '460-9309', '愛知県名古屋市中村区太閤通6-7-8', '052-901-4567');
INSERT IGNORE INTO stores (id, name, image_name, description, open_hour, closed_hour, holiday, min_price, max_price, capacity, postal_code, address, phone_number) VALUES (20, '鶏ちゃん横町', 'store20.jpg', '香ばしく焼き上げた鶏ちゃんを提供する隠れ家的店', '17:00', '23:30', '水', 800, 2000, 25, '460-9400', '愛知県名古屋市東区泉町3-2-1', '052-012-5678');

-- categoriesテーブル
INSERT IGNORE INTO categories (id, name) VALUES (1, '味噌カツ');
INSERT IGNORE INTO categories (id, name) VALUES (2, '定食');
INSERT IGNORE INTO categories (id, name) VALUES (3, '老舗');
INSERT IGNORE INTO categories (id, name) VALUES (4, '手羽先');
INSERT IGNORE INTO categories (id, name) VALUES (5, '居酒屋');
INSERT IGNORE INTO categories (id, name) VALUES (6, '地元料理');
INSERT IGNORE INTO categories (id, name) VALUES (7, 'あんかけスパ');
INSERT IGNORE INTO categories (id, name) VALUES (8, 'パスタ');
INSERT IGNORE INTO categories (id, name) VALUES (9, '専門店');
INSERT IGNORE INTO categories (id, name) VALUES (10, 'ひつまぶし');
INSERT IGNORE INTO categories (id, name) VALUES (11, 'うなぎ');
INSERT IGNORE INTO categories (id, name) VALUES (12, '高級店');
INSERT IGNORE INTO categories (id, name) VALUES (13, 'どて煮');
INSERT IGNORE INTO categories (id, name) VALUES (14, '味噌料理');
INSERT IGNORE INTO categories (id, name) VALUES (15, '台湾ラーメン');
INSERT IGNORE INTO categories (id, name) VALUES (16, 'ラーメン');
INSERT IGNORE INTO categories (id, name) VALUES (17, '辛い料理');
INSERT IGNORE INTO categories (id, name) VALUES (18, '天むす');
INSERT IGNORE INTO categories (id, name) VALUES (19, '軽食');
INSERT IGNORE INTO categories (id, name) VALUES (20, 'テイクアウト');
INSERT IGNORE INTO categories (id, name) VALUES (21, 'きしめん');
INSERT IGNORE INTO categories (id, name) VALUES (22, '麺類');
INSERT IGNORE INTO categories (id, name) VALUES (23, '伝統料理');
INSERT IGNORE INTO categories (id, name) VALUES (24, 'おでん');
INSERT IGNORE INTO categories (id, name) VALUES (25, 'エビフライ');
INSERT IGNORE INTO categories (id, name) VALUES (26, '洋食');
INSERT IGNORE INTO categories (id, name) VALUES (27, 'カフェ');
INSERT IGNORE INTO categories (id, name) VALUES (28, 'たこ焼き');
INSERT IGNORE INTO categories (id, name) VALUES (29, '屋台');
INSERT IGNORE INTO categories (id, name) VALUES (30, 'カレーうどん');
INSERT IGNORE INTO categories (id, name) VALUES (31, 'スパイシー');
INSERT IGNORE INTO categories (id, name) VALUES (32, 'バーガー');
INSERT IGNORE INTO categories (id, name) VALUES (33, '創作料理');
INSERT IGNORE INTO categories (id, name) VALUES (34, '和菓子');
INSERT IGNORE INTO categories (id, name) VALUES (35, 'ホルモン');
INSERT IGNORE INTO categories (id, name) VALUES (36, '串焼き');
INSERT IGNORE INTO categories (id, name) VALUES (37, '焼きそば');
INSERT IGNORE INTO categories (id, name) VALUES (38, '鉄板焼き');
INSERT IGNORE INTO categories (id, name) VALUES (39, 'B級グルメ');
INSERT IGNORE INTO categories (id, name) VALUES (40, '複合施設');
INSERT IGNORE INTO categories (id, name) VALUES (41, 'えびせんべい');
INSERT IGNORE INTO categories (id, name) VALUES (42, '揚げ物');
INSERT IGNORE INTO categories (id, name) VALUES (43, '鶏ちゃん');
INSERT IGNORE INTO categories (id, name) VALUES (44, '串かつ');

-- store_categoryテーブル
INSERT IGNORE INTO store_category (id, store_id, category_id) VALUES (1, 1, 1);
INSERT IGNORE INTO store_category (id, store_id, category_id) VALUES (4, 2, 4);
INSERT IGNORE INTO store_category (id, store_id, category_id) VALUES (7, 3, 7);
INSERT IGNORE INTO store_category (id, store_id, category_id) VALUES (10, 4, 10);
INSERT IGNORE INTO store_category (id, store_id, category_id) VALUES (13, 5, 13);
INSERT IGNORE INTO store_category (id, store_id, category_id) VALUES (16, 6, 15);
INSERT IGNORE INTO store_category (id, store_id, category_id) VALUES (19, 7, 18);
INSERT IGNORE INTO store_category (id, store_id, category_id) VALUES (22, 8, 21);
INSERT IGNORE INTO store_category (id, store_id, category_id) VALUES (25, 9, 24);
INSERT IGNORE INTO store_category (id, store_id, category_id) VALUES (28, 10, 25);
INSERT IGNORE INTO store_category (id, store_id, category_id) VALUES (31, 11, 28);
INSERT IGNORE INTO store_category (id, store_id, category_id) VALUES (34, 12, 30);
INSERT IGNORE INTO store_category (id, store_id, category_id) VALUES (37, 13, 32);
INSERT IGNORE INTO store_category (id, store_id, category_id) VALUES (40, 14, 34);
INSERT IGNORE INTO store_category (id, store_id, category_id) VALUES (43, 15, 35);
INSERT IGNORE INTO store_category (id, store_id, category_id) VALUES (46, 16, 37);
INSERT IGNORE INTO store_category (id, store_id, category_id) VALUES (49, 17, 39);
INSERT IGNORE INTO store_category (id, store_id, category_id) VALUES (52, 18, 41);
INSERT IGNORE INTO store_category (id, store_id, category_id) VALUES (55, 19, 44);
INSERT IGNORE INTO store_category (id, store_id, category_id) VALUES (58, 20, 43);
INSERT IGNORE INTO store_category (id, store_id, category_id) VALUES (2, 1, 2);
INSERT IGNORE INTO store_category (id, store_id, category_id) VALUES (5, 2, 5);
INSERT IGNORE INTO store_category (id, store_id, category_id) VALUES (8, 3, 8);
INSERT IGNORE INTO store_category (id, store_id, category_id) VALUES (11, 4, 11);
INSERT IGNORE INTO store_category (id, store_id, category_id) VALUES (14, 5, 14);
INSERT IGNORE INTO store_category (id, store_id, category_id) VALUES (17, 6, 16);
INSERT IGNORE INTO store_category (id, store_id, category_id) VALUES (20, 7, 19);
INSERT IGNORE INTO store_category (id, store_id, category_id) VALUES (23, 8, 22);
INSERT IGNORE INTO store_category (id, store_id, category_id) VALUES (26, 9, 14);
INSERT IGNORE INTO store_category (id, store_id, category_id) VALUES (29, 10, 26);
INSERT IGNORE INTO store_category (id, store_id, category_id) VALUES (32, 11, 19);
INSERT IGNORE INTO store_category (id, store_id, category_id) VALUES (35, 12, 22);
INSERT IGNORE INTO store_category (id, store_id, category_id) VALUES (38, 13, 14);
INSERT IGNORE INTO store_category (id, store_id, category_id) VALUES (41, 14, 19);
INSERT IGNORE INTO store_category (id, store_id, category_id) VALUES (44, 15, 36);
INSERT IGNORE INTO store_category (id, store_id, category_id) VALUES (47, 16, 19);
INSERT IGNORE INTO store_category (id, store_id, category_id) VALUES (50, 17, 40);
INSERT IGNORE INTO store_category (id, store_id, category_id) VALUES (53, 18, 19);
INSERT IGNORE INTO store_category (id, store_id, category_id) VALUES (56, 19, 42);
INSERT IGNORE INTO store_category (id, store_id, category_id) VALUES (59, 20, 6);
INSERT IGNORE INTO store_category (id, store_id, category_id) VALUES (3, 1, 3);
INSERT IGNORE INTO store_category (id, store_id, category_id) VALUES (6, 2, 6);
INSERT IGNORE INTO store_category (id, store_id, category_id) VALUES (9, 3, 9);
INSERT IGNORE INTO store_category (id, store_id, category_id) VALUES (12, 4, 12);
INSERT IGNORE INTO store_category (id, store_id, category_id) VALUES (15, 5, 5);
INSERT IGNORE INTO store_category (id, store_id, category_id) VALUES (18, 6, 17);
INSERT IGNORE INTO store_category (id, store_id, category_id) VALUES (21, 7, 20);
INSERT IGNORE INTO store_category (id, store_id, category_id) VALUES (24, 8, 23);
INSERT IGNORE INTO store_category (id, store_id, category_id) VALUES (27, 9, 5);
INSERT IGNORE INTO store_category (id, store_id, category_id) VALUES (30, 10, 27);
INSERT IGNORE INTO store_category (id, store_id, category_id) VALUES (33, 11, 29);
INSERT IGNORE INTO store_category (id, store_id, category_id) VALUES (36, 12, 31);
INSERT IGNORE INTO store_category (id, store_id, category_id) VALUES (39, 13, 33);
INSERT IGNORE INTO store_category (id, store_id, category_id) VALUES (42, 14, 20);
INSERT IGNORE INTO store_category (id, store_id, category_id) VALUES (45, 15, 5);
INSERT IGNORE INTO store_category (id, store_id, category_id) VALUES (48, 16, 38);
INSERT IGNORE INTO store_category (id, store_id, category_id) VALUES (51, 17, 6);
INSERT IGNORE INTO store_category (id, store_id, category_id) VALUES (54, 18, 29);
INSERT IGNORE INTO store_category (id, store_id, category_id) VALUES (57, 19, 5);
INSERT IGNORE INTO store_category (id, store_id, category_id) VALUES (60, 20, 5);

-- reviewsテーブル
INSERT IGNORE INTO reviews (id, store_id, user_id, score, comment, created_at, updated_at) VALUES(1, 1, 3, 5, '味噌の濃厚さが素晴らしく、ご飯が進みます！', '2024-11-10 14:23:45', '2024-11-10 14:23:45');
INSERT IGNORE INTO reviews (id, store_id, user_id, score, comment, created_at, updated_at) VALUES(2, 1, 4, 4, 'サクサクの衣と甘辛い味噌が絶妙でした。少し混んでいましたが待つ価値あり。', '2024-11-12 11:30:15', '2024-11-12 11:30:15');
INSERT IGNORE INTO reviews (id, store_id, user_id, score, comment, created_at, updated_at) VALUES(3, 1, 5, 5, '旅行で立ち寄りました。期待以上の味で大満足！', '2024-11-15 18:45:10', '2024-11-15 18:45:10');
INSERT IGNORE INTO reviews (id, store_id, user_id, score, comment, created_at, updated_at) VALUES(4, 1, 6, 4, '家族で訪問しました。子供も喜んで食べていました。', '2024-11-16 12:00:35', '2024-11-16 12:00:35');
INSERT IGNORE INTO reviews (id, store_id, user_id, score, comment, created_at, updated_at) VALUES(5, 1, 7, 3, '味は良かったけど少し量が多いと感じました。', '2024-11-17 19:12:50', '2024-11-17 19:12:50');
INSERT IGNORE INTO reviews (id, store_id, user_id, score, comment, created_at, updated_at) VALUES(6, 2, 3, 5, '手羽先のカリカリ感とジューシーさが最高です。ビールとの相性抜群！', '2024-11-08 20:10:05', '2024-11-08 20:10:05');
INSERT IGNORE INTO reviews (id, store_id, user_id, score, comment, created_at, updated_at) VALUES(7, 2, 4, 4, '味は良かったですが、店内が少し狭いのが気になりました。', '2024-11-09 18:00:30', '2024-11-09 18:00:30');
INSERT IGNORE INTO reviews (id, store_id, user_id, score, comment, created_at, updated_at) VALUES(8, 2, 5, 5, 'ビールと一緒に食べる手羽先が最高！また行きたいです。', '2024-11-14 19:45:20', '2024-11-14 19:45:20');
INSERT IGNORE INTO reviews (id, store_id, user_id, score, comment, created_at, updated_at) VALUES(9, 2, 6, 4, 'おつまみにぴったりの手羽先！お酒が進みます。', '2024-11-15 21:30:55', '2024-11-15 21:30:55');
INSERT IGNORE INTO reviews (id, store_id, user_id, score, comment, created_at, updated_at) VALUES(10, 2, 7, 3, '少し塩気が強いかな？でもおいしかったです。', '2024-11-16 20:15:10', '2024-11-16 20:15:10');
INSERT IGNORE INTO reviews (id, store_id, user_id, score, comment, created_at, updated_at) VALUES(11, 3, 3, 5, '独特のとろみのあるソースが新鮮で美味しかったです。リピート決定！', '2024-11-11 13:45:00', '2024-11-11 13:45:00');
INSERT IGNORE INTO reviews (id, store_id, user_id, score, comment, created_at, updated_at) VALUES(12, 3, 4, 4, '量がちょうどよく、ランチに最適でした。女性にもおすすめです。', '2024-11-10 12:15:35', '2024-11-10 12:15:35');
INSERT IGNORE INTO reviews (id, store_id, user_id, score, comment, created_at, updated_at) VALUES(13, 3, 5, 5, '名古屋らしい独特な味わい。クセになりそう。', '2024-11-14 15:30:50', '2024-11-14 15:30:50');
INSERT IGNORE INTO reviews (id, store_id, user_id, score, comment, created_at, updated_at) VALUES(14, 3, 6, 5, 'お友達とシェアして食べましたが、どれも美味しかったです！', '2024-11-15 12:45:25', '2024-11-15 12:45:25');
INSERT IGNORE INTO reviews (id, store_id, user_id, score, comment, created_at, updated_at) VALUES(15, 3, 7, 4, 'ソースが濃厚で、満足度高めです。また行きます！', '2024-11-16 14:15:40', '2024-11-16 14:15:40');
INSERT IGNORE INTO reviews (id, store_id, user_id, score, comment, created_at, updated_at) VALUES(16, 4, 3, 5, 'ふっくらしたうなぎと香ばしさが絶品！贅沢な気分を味わえました。', '2024-11-07 12:50:20', '2024-11-07 12:50:20');
INSERT IGNORE INTO reviews (id, store_id, user_id, score, comment, created_at, updated_at) VALUES(17, 4, 4, 5, '少し値段は高いですが、その価値があります。接客も丁寧で好印象。', '2024-11-08 18:45:00', '2024-11-08 18:45:00');
INSERT IGNORE INTO reviews (id, store_id, user_id, score, comment, created_at, updated_at) VALUES(18, 4, 5, 5, '特別な日にぴったりの高級感。味も接客も素晴らしい。', '2024-11-14 13:10:45', '2024-11-14 13:10:45');
INSERT IGNORE INTO reviews (id, store_id, user_id, score, comment, created_at, updated_at) VALUES(19, 4, 6, 5, '焼き加減がちょうどよく、タレも絶品でした！', '2024-11-15 12:05:30', '2024-11-15 12:05:30');
INSERT IGNORE INTO reviews (id, store_id, user_id, score, comment, created_at, updated_at) VALUES(20, 4, 7, 4, '昼食で訪問しました。ゆっくり過ごせる空間でリラックスできました。', '2024-11-16 14:50:20', '2024-11-16 14:50:20');
INSERT IGNORE INTO reviews (id, store_id, user_id, score, comment, created_at, updated_at) VALUES(21, 5, 3, 5, '味噌のコクが深くてとても美味しかったです。お酒が進みます。', '2024-11-10 19:20:10', '2024-11-10 19:20:10');
INSERT IGNORE INTO reviews (id, store_id, user_id, score, comment, created_at, updated_at) VALUES(22, 5, 4, 3, '濃い味が好きな人にはぴったりですが、少し味が濃すぎるかも。', '2024-11-11 18:30:40', '2024-11-11 18:30:40');
INSERT IGNORE INTO reviews (id, store_id, user_id, score, comment, created_at, updated_at) VALUES(23, 5, 5, 5, '熱々のどて煮がとてもおいしかったです。寒い日にぴったり。', '2024-11-14 19:10:00', '2024-11-14 19:10:00');
INSERT IGNORE INTO reviews (id, store_id, user_id, score, comment, created_at, updated_at) VALUES(24, 5, 6, 5, '味噌の香りが心地よく、ビールとの相性も抜群です。', '2024-11-15 18:55:45', '2024-11-15 18:55:45');
INSERT IGNORE INTO reviews (id, store_id, user_id, score, comment, created_at, updated_at) VALUES(25, 5, 7, 4, 'ちょっと味が濃いけど、お酒と一緒だとちょうど良いです。', '2024-11-16 20:20:25', '2024-11-16 20:20:25');
INSERT IGNORE INTO reviews (id, store_id, user_id, score, comment, created_at, updated_at) VALUES(26, 6, 3, 5, '辛さがちょうどよく、何度でも食べたくなる味です。', '2024-11-09 21:15:40', '2024-11-09 21:15:40');
INSERT IGNORE INTO reviews (id, store_id, user_id, score, comment, created_at, updated_at) VALUES(27, 6, 4, 4, 'かなり辛いですがクセになります！店内も清潔でした。', '2024-11-12 22:10:15', '2024-11-12 22:10:15');
INSERT IGNORE INTO reviews (id, store_id, user_id, score, comment, created_at, updated_at) VALUES(28, 6, 5, 3, '辛いものが苦手な私には少しきつかったですが、味は美味しいです。', '2024-11-14 23:45:30', '2024-11-14 23:45:30');
INSERT IGNORE INTO reviews (id, store_id, user_id, score, comment, created_at, updated_at) VALUES(29, 6, 6, 4, '辛さ控えめにしてもらいましたが、それでも十分美味しかったです！', '2024-11-15 20:10:20', '2024-11-15 20:10:20');
INSERT IGNORE INTO reviews (id, store_id, user_id, score, comment, created_at, updated_at) VALUES(30, 6, 7, 5, '一口目でスープの辛さがガツンときます。クセになりますね。', '2024-11-16 21:30:45', '2024-11-16 21:30:45');
INSERT IGNORE INTO reviews (id, store_id, user_id, score, comment, created_at, updated_at) VALUES(31, 7, 3, 5, 'もちもちしたご飯とサクサクの天ぷらが絶妙な組み合わせです。', '2024-11-07 13:45:30', '2024-11-07 13:45:30');
INSERT IGNORE INTO reviews (id, store_id, user_id, score, comment, created_at, updated_at) VALUES(32, 7, 4, 4, '手軽に持ち帰りできて便利！味も大満足です。', '2024-11-08 12:30:10', '2024-11-08 12:30:10');
INSERT IGNORE INTO reviews (id, store_id, user_id, score, comment, created_at, updated_at) VALUES(33, 8, 3, 5, '麺がツルツルでだしの風味が最高でした。名古屋に来たらぜひ！', '2024-11-10 11:15:40', '2024-11-10 11:15:40');
INSERT IGNORE INTO reviews (id, store_id, user_id, score, comment, created_at, updated_at) VALUES(34, 8, 4, 5, 'シンプルながら奥深い味わいで飽きません。家族連れにもおすすめ。', '2024-11-11 14:25:20', '2024-11-11 14:25:20');
INSERT IGNORE INTO reviews (id, store_id, user_id, score, comment, created_at, updated_at) VALUES(35, 9, 3, 5, '濃厚な味噌がおでんにぴったり！冬にぴったりの温かい一品です。', '2024-11-09 19:45:35', '2024-11-09 19:45:35');
INSERT IGNORE INTO reviews (id, store_id, user_id, score, comment, created_at, updated_at) VALUES(36, 9, 4, 4, '味は美味しいけど、混んでいて少し待ちました。', '2024-11-10 20:15:45', '2024-11-10 20:15:45');
INSERT IGNORE INTO reviews (id, store_id, user_id, score, comment, created_at, updated_at) VALUES(37, 10, 3, 5, 'ぷりぷりのエビが贅沢で大満足です！雰囲気もオシャレ。', '2024-11-08 14:20:50', '2024-11-08 14:20:50');
INSERT IGNORE INTO reviews (id, store_id, user_id, score, comment, created_at, updated_at) VALUES(38, 10, 4, 4, '少し値段が高いですが、ボリュームがあって良いです。', '2024-11-09 18:50:30', '2024-11-09 18:50:30');
INSERT IGNORE INTO reviews (id, store_id, user_id, score, comment, created_at, updated_at) VALUES(39, 11, 3, 5, '外はカリッと中はトロトロで最高のたこ焼きでした！', '2024-11-10 15:30:40', '2024-11-10 15:30:40');
INSERT IGNORE INTO reviews (id, store_id, user_id, score, comment, created_at, updated_at) VALUES(40, 11, 4, 4, '値段も手頃で美味しかったです。また行きたい。', '2024-11-11 14:45:20', '2024-11-11 14:45:20');
INSERT IGNORE INTO reviews (id, store_id, user_id, score, comment, created_at, updated_at) VALUES(41, 12, 3, 5, 'カレーが濃厚で麺との絡みも抜群！', '2024-11-09 12:15:00', '2024-11-09 12:15:00');
INSERT IGNORE INTO reviews (id, store_id, user_id, score, comment, created_at, updated_at) VALUES(42, 12, 4, 4, 'スパイスの効いたカレーがクセになります。', '2024-11-12 13:20:45', '2024-11-12 13:20:45');
INSERT IGNORE INTO reviews (id, store_id, user_id, score, comment, created_at, updated_at) VALUES(43, 13, 3, 5, '味噌とバーガーの組み合わせが意外に合う！', '2024-11-10 11:30:20', '2024-11-10 11:30:20');
INSERT IGNORE INTO reviews (id, store_id, user_id, score, comment, created_at, updated_at) VALUES(44, 13, 4, 4, 'ユニークな味わいで、他では味わえない特別な一品です。', '2024-11-11 13:10:30', '2024-11-11 13:10:30');
INSERT IGNORE INTO reviews (id, store_id, user_id, score, comment, created_at, updated_at) VALUES(45, 14, 3, 5, '焼きたての香ばしいまんじゅうが最高！甘辛ダレが絶妙です。', '2024-11-08 10:50:40', '2024-11-08 10:50:40');
INSERT IGNORE INTO reviews (id, store_id, user_id, score, comment, created_at, updated_at) VALUES(46, 14, 4, 4, '少し甘めですが、子供も喜ぶ味でした。', '2024-11-09 11:25:10', '2024-11-09 11:25:10');
INSERT IGNORE INTO reviews (id, store_id, user_id, score, comment, created_at, updated_at) VALUES(47, 15, 3, 5, 'プリプリのホルモンと濃厚なタレが最高！ビールにぴったりです。', '2024-11-10 20:15:25', '2024-11-10 20:15:25');
INSERT IGNORE INTO reviews (id, store_id, user_id, score, comment, created_at, updated_at) VALUES(48, 15, 4, 4, 'ホルモンが苦手な私でも美味しく食べられました！', '2024-11-11 21:10:40', '2024-11-11 21:10:40');
INSERT IGNORE INTO reviews (id, store_id, user_id, score, comment, created_at, updated_at) VALUES(49, 16, 3, 5, '甘辛いタレが焼きそばに絡んで絶妙でした！', '2024-11-09 12:45:10', '2024-11-09 12:45:10');
INSERT IGNORE INTO reviews (id, store_id, user_id, score, comment, created_at, updated_at) VALUES(50, 16, 4, 4, 'シンプルながらクセになる味わい。コスパも良いです。', '2024-11-10 13:20:50', '2024-11-10 13:20:50');
INSERT IGNORE INTO reviews (id, store_id, user_id, score, comment, created_at, updated_at) VALUES(51, 17, 3, 5, '名古屋名物を一度に楽しめる夢のような施設！', '2024-11-08 11:30:15', '2024-11-08 11:30:15');
INSERT IGNORE INTO reviews (id, store_id, user_id, score, comment, created_at, updated_at) VALUES(52, 17, 4, 5, '友達と行きましたが、いろいろ試せて楽しかったです！', '2024-11-09 15:45:20', '2024-11-09 15:45:20');
INSERT IGNORE INTO reviews (id, store_id, user_id, score, comment, created_at, updated_at) VALUES(53, 18, 3, 5, '揚げたてのえびせんがサクサクで絶品でした！', '2024-11-10 14:10:25', '2024-11-10 14:10:25');
INSERT IGNORE INTO reviews (id, store_id, user_id, score, comment, created_at, updated_at) VALUES(54, 18, 4, 4, '軽食にぴったり！お土産にも良さそう。', '2024-11-11 12:50:15', '2024-11-11 12:50:15');
INSERT IGNORE INTO reviews (id, store_id, user_id, score, comment, created_at, updated_at) VALUES(55, 19, 3, 5, '大きな串かつでボリューム満点！味も最高です。', '2024-11-09 19:40:30', '2024-11-09 19:40:30');
INSERT IGNORE INTO reviews (id, store_id, user_id, score, comment, created_at, updated_at) VALUES(56, 19, 4, 4, '衣がサクサクで美味しい！家族連れにもおすすめ。', '2024-11-12 20:15:40', '2024-11-12 20:15:40');
INSERT IGNORE INTO reviews (id, store_id, user_id, score, comment, created_at, updated_at) VALUES(57, 20, 3, 5, '鶏ちゃんの香ばしさがたまりません！ご飯が進む味です。', '2024-11-10 18:20:35', '2024-11-10 18:20:35');
INSERT IGNORE INTO reviews (id, store_id, user_id, score, comment, created_at, updated_at) VALUES(58, 20, 4, 4, '少し濃い味ですが、お酒に合います。落ち着いた雰囲気も良い。', '2024-11-11 19:50:20', '2024-11-11 19:50:20');
